No.,Feedstock digestate,"C,in (wt%)","H,in (wt%)","N,in (wt%)","S,in (wt%)","O,in (wt%)","VM,in (%)","FC,in (%)","Ash,in (%)",THTC(degC),tres(h),Solid load (%),"HHV,in (MJ/kg)",Yield (% dry basis),"C,out (wt%)","H,out (wt%)","N,out (wt%)","S,out (wt%)","O,out (wt%)","VM,out (%)","FC,out (%)","Ash,out (%)","HHV,out (MJ/kg)",Type,Ref.
1,OHWD,34.2828,3.9804,1.926,0.1926,23.8182,54.6,9.6,35.8,170,2,15,13.4,85.9,33.90189,3.59898,1.69917,0.20064,23.29932,49.72,12.98,37.3,20.5,Organics,Cao2019
2,OHWD,34.3,4,1.9,0.2,23.8,54.6,9.6,35.8,170,5,15,13.4,80.5,32.30192,3.29784,1.49792,0.10268,23.19964,47.84,12.56,39.6,19.7,Organics,Cao2019
3,OHWD,34.3,4,1.9,0.2,23.8,54.6,9.6,35.8,190,2,15,13.4,80.4,34.29783,3.40308,1.50282,0.19872,22.69755,48.38,13.72,37.9,20.7,Organics,Cao2019
4,OHWD,34.3,4,1.9,0.2,23.8,54.6,9.6,35.8,190,5,15,13.4,75.2,33.09768,3.19992,1.70145,0.10149,21.59946,45.31,14.39,40.3,20.5,Organics,Cao2019
5,OHWD,34.3,4,1.9,0.2,23.8,54.6,9.6,35.8,210,2,15,13.4,72.2,32.7015,3.00105,1.6029,0.09945,21.10095,44.4,14.1,41.5,20.4,Organics,Cao2019
6,OHWD,34.3,4,1.9,0.2,23.8,54.6,9.6,35.8,210,5,15,13.4,70.4,35.59857,3.19866,1.70116,0.19767,19.19795,43.37,16.53,40.1,22.4,Organics,Cao2019
7,OHWD,34.3,4,1.9,0.2,23.8,54.6,9.6,35.8,230,2,15,13.4,62.9,33.5997,2.90265,1.6983,0.1998,17.09955,39.46,16.04,44.5,22.3,Organics,Cao2019
8,OHWD,34.3,4,1.9,0.2,23.8,54.6,9.6,35.8,230,5,15,13.4,57.8,34.59841,2.70039,1.99969,0.19943,14.40208,36.17,17.73,46.1,23.7,Organics,Cao2019
9,OHWD,34.3,4,1.9,0.2,23.8,54.6,9.6,35.8,250,2,15,13.4,55,34.2992,2.6,1.7992,0.1976,13.0988,34.68,17.32,48,24.4,Organics,Cao2019
10,OHWD,34.3,4,1.9,0.2,23.8,54.6,9.6,35.8,250,5,15,13.4,54.5,35.70252,2.70256,2.00032,0.20216,12.59776,35.06,18.14,46.8,25.2,Organics,Cao2019
11,CMD,42.6,5,2,0.4,34.3,67.3,17,15.7,170,2,15,17,90.6,43.5456,4.7964,2.1,0.4032,33.1632,64.76,19.24,16,20.4,Organics,Cao2019
12,CMD,42.6,5,2,0.4,34.3,67.3,17,15.7,170,5,15,17,86.7,44.09635,4.70105,2.19605,0.4008,32.0974,63.13,20.37,16.5,20.7,Organics,Cao2019
13,CMD,42.6,5,2,0.4,34.3,67.3,17,15.7,190,2,15,17,81.4,45.20052,4.49604,2.50056,0.39744,30.19716,61.77,21.03,17.2,21.3,Organics,Cao2019
14,CMD,42.6,5,2,0.4,34.3,67.3,17,15.7,190,5,15,17,78.3,45.50367,4.69933,2.40316,0.50203,29.20004,59.67,22.63,17.7,21.9,Organics,Cao2019
15,CMD,42.6,5,2,0.4,34.3,67.3,17,15.7,210,2,15,17,73.2,46.904,4.6002,2.5994,0.4018,27.5028,58.63,23.37,18,22.7,Organics,Cao2019
16,CMD,42.6,5,2,0.4,34.3,67.3,17,15.7,210,5,15,17,68.3,47.19706,4.19871,2.79914,0.39641,26.30059,56.55,24.35,19.1,22.6,Organics,Cao2019
17,CMD,42.6,5,2,0.4,34.3,67.3,17,15.7,230,2,15,17,61.7,47.7576,4.00752,2.80368,0.49896,24.13224,51.64,27.56,20.8,23.3,Organics,Cao2019
18,CMD,42.6,5,2,0.4,34.3,67.3,17,15.7,230,5,15,17,53.5,50.697,4.00158,3.10374,0.5031,19.10232,47.52,29.88,22.6,25.8,Organics,Cao2019
19,CMD,42.6,5,2,0.4,34.3,67.3,17,15.7,250,2,15,17,47.7,50.93025,3.79211,3.19697,0.49595,17.87709,45.93,30.37,23.7,26.1,Organics,Cao2019
20,CMD,42.6,5,2,0.4,34.3,67.3,17,15.7,250,5,15,17,47.3,52.40246,3.89632,3.30274,0.40333,16.10276,44.59,31.51,23.9,27.2,Organics,Cao2019
21,ECD,40.3,4.6,2.1,0.3,24,55.9,15.4,28.7,170,2,15,16.4,91,39.70147,4.20206,1.99925,0.29807,26.49915,55.32,17.38,27.3,21.3,Biomass,Cao2019
22,ECD,40.3,4.6,2.1,0.3,24,55.9,15.4,28.7,170,5,15,16.4,90,39.7008,4.0968,2.0016,0.3024,25.8984,54.07,17.93,28,21.4,Biomass,Cao2019
23,ECD,40.3,4.6,2.1,0.3,24,55.9,15.4,28.7,190,2,15,16.4,83.9,40.49856,4.00293,2.09745,0.39816,24.1029,51.83,19.27,28.9,22.1,Biomass,Cao2019
24,ECD,40.3,4.6,2.1,0.3,24,55.9,15.4,28.7,190,5,15,16.4,82.1,40.4558,3.905,2.201,0.2982,24.1329,50.34,20.66,29,22,Biomass,Cao2019
25,ECD,40.3,4.6,2.1,0.3,24,55.9,15.4,28.7,210,2,15,16.4,77.6,41.25888,3.90456,2.20632,0.29928,21.93096,49.56,20.04,30.4,23.1,Biomass,Cao2019
26,ECD,40.3,4.6,2.1,0.3,24,55.9,15.4,28.7,210,5,15,16.4,74.7,42.46195,3.80741,2.30103,0.29713,20.23248,47.82,21.28,30.9,24,Biomass,Cao2019
27,ECD,40.3,4.6,2.1,0.3,24,55.9,15.4,28.7,230,2,15,16.4,67.9,40.79722,3.49806,2.39944,0.3033,20.40198,45.5,21.91,32.6,23.2,Biomass,Cao2019
28,ECD,40.3,4.6,2.1,0.3,24,55.9,15.4,28.7,230,5,15,16.4,60.4,42.00184,3.39692,2.60148,0.39772,16.80204,41.92,23.28,34.8,24.9,Biomass,Cao2019
29,ECD,40.3,4.6,2.1,0.3,24,55.9,15.4,28.7,250,2,15,16.4,54.6,41.6687,3.20675,2.5019,0.29845,15.8242,39.75,23.75,36.5,25.1,Biomass,Cao2019
30,ECD,40.3,4.6,2.1,0.3,24,55.9,15.4,28.7,250,5,15,16.4,51.1,41.99744,3.09756,2.799,0.29856,14.00122,37.94,24.26,37.8,25.9,Biomass,Cao2019
31,AGR,44.1,5.1,3.2,0.3,31.3,70.2,13.8,16,150,1,20,17.8,82.7,44.20188,4.79988,3.09644,0,27.5018,62.12,17.48,20.4,17.9,Biomass,Parmar2019
32,AGR,44.1,5.1,3.2,0.3,31.3,70.2,13.8,16,200,1,10,17.8,60,52.05859,6.9093,3.10492,0.10236,23.12483,69.4,15.9,14.7,21.6,Biomass,Parmar2019
33,AGR,44.1,5.1,3.2,0.3,31.3,70.2,13.8,16,200,1,20,17.8,67.8,50.86235,6.00523,3.3033,0.10164,24.42748,67.4,17.3,15.3,20.7,Biomass,Parmar2019
34,AGR,44.1,5.1,3.2,0.3,31.3,70.2,13.8,16,200,1,30,17.8,80.1,51.25788,6.1101,3.50703,0,22.82499,66.7,17,16.3,20.9,Biomass,Parmar2019
35,AGR,44.1,5.1,3.2,0.3,31.3,70.2,13.8,16,250,1,10,17.8,47.2,57.3698,6.3042,3.6024,0.1975,11.5182,56.7,22.3,21,24,Biomass,Parmar2019
36,AGR,44.1,5.1,3.2,0.3,31.3,70.2,13.8,16,250,1,20,17.8,51.1,57.0969,6.59946,3.90222,0.1995,12.00192,58.2,21.6,20.2,24.2,Biomass,Parmar2019
37,AGR,44.1,5.1,3.2,0.3,31.3,70.2,13.8,16,250,1,30,17.8,49.4,56.6995,5.79683,3.79847,0.30134,12.70386,56.2,23.1,20.7,23.3,Biomass,Parmar2019
38,MSW,24.1,1.7,1.5,0.2,17,36.2,8.3,55.5,150,1,20,15.6,90.6,23.7498,2.0976,1.196,0,18.9566,39.4,6.6,54,15.2,Organics,Parmar2019
39,MSW,24.1,1.7,1.5,0.2,17,36.2,8.3,55.5,200,1,10,15.6,85,22.53828,1.59576,0.69906,0.09882,11.66808,31.91,4.69,63.4,15.5,Organics,Parmar2019
40,MSW,24.1,1.7,1.5,0.2,17,36.2,8.3,55.5,200,1,20,15.6,87.1,21.39834,1.59938,0.89823,0.09854,13.90172,32.3,5.6,62.1,15.6,Organics,Parmar2019
41,MSW,24.1,1.7,1.5,0.2,17,36.2,8.3,55.5,200,1,30,15.6,85.7,23.93906,1.79718,0.89859,0.10114,12.16792,32.4,6.5,61.1,15.4,Organics,Parmar2019
42,MSW,24.1,1.7,1.5,0.2,17,36.2,8.3,55.5,250,1,10,15.6,82,22.93434,1.59705,0.69849,0.20007,9.67356,28.22,6.88,64.9,15.6,Organics,Parmar2019
43,MSW,24.1,1.7,1.5,0.2,17,36.2,8.3,55.5,250,1,20,15.6,84.1,21.6992,1.6,0.8,0,7.9008,25.7,6.3,68,15.6,Organics,Parmar2019
44,MSW,24.1,1.7,1.5,0.2,17,36.2,8.3,55.5,250,1,30,15.6,83.5,23.33051,1.69511,0.89642,0,7.77796,26.9,6.8,66.3,15.5,Organics,Parmar2019
45,SS,28.6,3.1,3.4,1.5,16.5,51,2.1,46.9,150,1,20,14.9,87.1,33.34346,4.39484,3.19216,0.29786,14.97168,50.5,5.7,43.8,15,Sewage sludge,Parmar2019
46,SS,28.6,3.1,3.4,1.5,16.5,51,2.1,46.9,200,1,10,14.9,72.6,33.939,4.1904,2.0952,0.7992,12.9762,47.9,6.1,46,15,Sewage sludge,Parmar2019
47,SS,28.6,3.1,3.4,1.5,16.5,51,2.1,46.9,200,1,20,14.9,76.1,34.06056,4.20892,2.40192,0.90072,14.02788,49.1,6.5,44.4,15.1,Sewage sludge,Parmar2019
48,SS,28.6,3.1,3.4,1.5,16.5,51,2.1,46.9,200,1,30,14.9,78,35.13683,4.3914,2.89382,1.19919,12.67876,49.4,6.9,43.7,15.4,Sewage sludge,Parmar2019
49,SS,28.6,3.1,3.4,1.5,16.5,51,2.1,46.9,250,1,10,14.9,65.6,34.3299,3.99455,2.19675,0.7979,9.1809,44.3,6.2,49.5,15.2,Sewage sludge,Parmar2019
50,SS,28.6,3.1,3.4,1.5,16.5,51,2.1,46.9,250,1,20,14.9,67.9,34.7025,4.10025,2.39925,0.69825,10.59975,45.9,6.6,47.5,15.3,Sewage sludge,Parmar2019
51,SS,28.6,3.1,3.4,1.5,16.5,51,2.1,46.9,250,1,30,14.9,69.5,36.39744,4.2987,2.79816,0.90246,8.9979,46.6,6.8,46.6,15.7,Sewage sludge,Parmar2019
52,VGF,29.5,3,2,0.3,21.4,47.2,9,43.8,150,1,20,14.9,89,29.76274,3.00629,1.90414,0,12.22683,37.6,9.3,53.1,15,Biomass,Parmar2019
53,VGF,29.5,3,2,0.3,21.4,47.2,9,43.8,200,1,10,14.9,79.5,26.30148,2.69988,1.09962,0.20115,14.39787,37.5,7.2,55.3,14.8,Biomass,Parmar2019
54,VGF,29.5,3,2,0.3,21.4,47.2,9,43.8,200,1,20,14.9,80.9,32.20184,3.29912,1.49776,0.29854,13.29768,41.62,8.98,49.4,15.1,Biomass,Parmar2019
55,VGF,29.5,3,2,0.3,21.4,47.2,9,43.8,200,1,30,14.9,79.8,30.46599,3.10527,1.40238,0.20034,12.52602,39.3,8.4,52.3,14.9,Biomass,Parmar2019
56,VGF,29.5,3,2,0.3,21.4,47.2,9,43.8,250,1,10,14.9,71.1,26.46693,2.60838,1.20357,0.10062,8.3205,30.48,8.22,61.3,14.8,Biomass,Parmar2019
57,VGF,29.5,3,2,0.3,21.4,47.2,9,43.8,250,1,20,14.9,71.4,27.798,2.7019,1.3981,0.0984,8.9995,31.78,9.22,59,14.9,Biomass,Parmar2019
58,VGF,29.5,3,2,0.3,21.4,47.2,9,43.8,250,1,30,14.9,73.7,29.1018,2.9016,1.5015,0.1014,5.4015,30.4,8.6,61,15,Biomass,Parmar2019
59,DSS,39.88,6.2,6.04,5.62,20.46,69,9.2,21.8,200,0.3,31.9,17.97,66.6,41.80512,5.48352,5.14752,4.18656,10.57056,55.55,11.69,32.8,19,Sewage sludge,He2015
60,DSS,39.88,6.2,6.04,5.62,20.46,69,9.2,21.8,220,0.3,31.9,17.97,57.1,41.4411,5.09106,4.48116,4.03818,9.14208,51.82,12.36,35.8,18.5,Sewage sludge,He2015
61,DSS,39.88,6.2,6.04,5.62,20.46,69,9.2,21.8,240,0.3,31.9,17.97,59,41.55411,5.0713,4.09981,4.10592,6.26886,49.6,11.52,38.9,18.7,Sewage sludge,He2015
62,DSS,39.88,6.2,6.04,5.62,20.46,69,9.2,21.8,260,0.3,31.9,17.97,55.9,43.9132,5.03198,3.9186,4.03678,5.29944,47.06,15.16,37.8,19.4,Sewage sludge,He2015
63,DSS,39.88,6.2,6.04,5.62,20.46,69,9.2,21.8,280,0.3,31.9,17.97,54.6,44.57736,5.13081,3.81899,3.88029,3.89255,37.68,23.6,38.7,20.2,Sewage sludge,He2015
64,DSS,39.88,6.2,6.04,5.62,20.46,69,9.2,21.8,300,0.3,31.9,17.97,53.4,44.47404,5.03064,3.72708,3.94128,4.02696,18.24,42.96,38.8,20.3,Sewage sludge,He2015
65,DSS,39.88,6.2,6.04,5.62,20.46,69,9.2,21.8,320,0.3,31.9,17.97,51.5,43.74497,4.85789,3.55806,3.73177,4.00132,12.86,47.03,40.1,20.4,Sewage sludge,He2015
66,DSS,39.88,6.2,6.04,5.62,20.46,69,9.2,21.8,340,0.3,31.9,17.97,50.4,44.35872,4.82748,3.51624,3.68088,2.41668,42.03,16.8,41.2,20.2,Sewage sludge,He2015
67,DSS,39.88,6.2,6.04,5.62,20.46,69,9.2,21.8,360,0.3,31.9,17.97,44.6,42.88788,4.50306,3.2922,3.54888,1.56798,18.88,36.89,44.2,19.2,Sewage sludge,He2015
68,DSS,39.88,6.2,6.04,5.62,20.46,69,9.2,21.8,380,0.3,31.9,17.97,43.1,42.99192,4.4588,3.22056,3.56136,2.56736,38.25,18.55,43.2,19.6,Sewage sludge,He2015
69,SS,25.03,4.21,4.86,0.74,15.31,47.49,2.66,49.85,180,0.5,10,10.97,66.18,21.371034,3.534513,1.652172,0.674742,4.297539,22.32,9.21,68.47,10.8,Sewage sludge,Peng2016
70,SS,25.03,4.21,4.86,0.74,15.31,47.49,2.66,49.85,220,0.5,10,10.97,60.58,19.619576,3.220498,1.320656,0.551206,3.270862,18.81,9.17,72.02,10.07,Sewage sludge,Peng2016
71,SS,25.03,4.21,4.86,0.74,15.31,47.49,2.66,49.85,260,0.5,10,10.97,56.23,24.26961,3.919176,1.561664,0.510544,7.279006,27.26,10.28,62.46,11.79,Sewage sludge,Peng2016
72,SS,25.03,4.21,4.86,0.74,15.31,47.49,2.66,49.85,300,0.5,10,10.97,53,21.932165,3.358771,1.120558,0.490607,2.127899,16.79,12.24,70.97,11.23,Sewage sludge,Peng2016
73,SS,25.03,4.21,4.86,0.74,15.31,47.49,2.66,49.85,260,1,10,10.97,58.51,24.482007,3.678048,1.588248,0.571212,4.507002,23.14,11.69,65.17,12.06,Sewage sludge,Peng2016
74,SS,25.03,4.21,4.86,0.74,15.31,47.49,2.66,49.85,260,1.5,10,10.97,59.37,24.135096,3.729762,1.5208,0.58931,8.04123,24.78,13.24,61.98,11.38,Sewage sludge,Peng2016
75,SS,25.03,4.21,4.86,0.74,15.31,47.49,2.66,49.85,260,6,10,10.97,63.32,19.892924,3.23782,1.24066,0.538628,5.346942,22.61,7.65,69.74,9.8,Sewage sludge,Peng2016
76,SS,25.03,4.21,4.86,0.74,15.31,47.49,2.66,49.85,260,8,10,10.97,66.19,24.12012,3.690864,1.448826,0.671802,10.538388,34.33,6.14,59.53,10.86,Sewage sludge,Peng2016
77,PS,50.4,5.7,0.4,0,39.4,87.7,8.2,4.1,250,1,10,18.64,93.46,51.8987,5.80362,0,0,40.49768,85.8,12.4,1.8,19.4,Biomass,Sattasathuchana2023
78,PS,50.4,5.7,0.4,0,39.4,87.7,8.2,4.1,250,2,10,18.64,63.22,56.80346,5.50188,0.0986,0,36.19606,83.2,15.4,1.4,21.91,Biomass,Sattasathuchana2023
79,PS,50.4,5.7,0.4,0,39.4,87.7,8.2,4.1,250,4,10,18.64,49.59,66.2676,4.9098,0.3038,0,26.5286,78.5,19.5,2,26.09,Biomass,Sattasathuchana2023
80,PS,50.4,5.7,0.4,0,39.4,87.7,8.2,4.1,250,6,10,18.64,52.18,67.1,4.59696,0.49776,0,25.39552,76.88,20.72,2.4,27.2,Biomass,Sattasathuchana2023
81,BB,46.6,6,0.3,0,45.1,90.3,7.7,2,250,1,10,17.88,93.05,48.7476,5.9895,0,0,44.253,86.4,12.6,1,18.79,Biomass,Sattasathuchana2023
82,BB,46.6,6,0.3,0,45.1,90.3,7.7,2,250,2,10,17.88,67.44,67.80204,5.10402,0.2979,0,26.09604,83.1,16.2,0.7,20.01,Biomass,Sattasathuchana2023
83,BB,46.6,6,0.3,0,45.1,90.3,7.7,2,250,4,10,17.88,47.28,68.86455,4.90542,0.2979,0,25.2222,84.4,14.9,0.7,25.79,Biomass,Sattasathuchana2023
84,BB,46.6,6,0.3,0,45.1,90.3,7.7,2,250,6,10,17.88,45.91,71.30364,4.90032,0.3984,0,22.99764,78.92,20.68,0.4,27.03,Biomass,Sattasathuchana2023
85,CS,46.269,6.499,0.582,0,43.65,77.6,19.4,3,220,1,10,18.1,57.29,53.545396,5.954984,0.553952,0,38.865668,74.64,24.28,1.08,21.63,Biomass,Wang2022
86,CSFW,46.6067,6.9083,1.1676,0,42.5201,78.5,18.8,2.7,220,1,10,18.7,54.64,56.374734,7.025902,1.271166,0,33.868198,71.02,27.52,1.46,23.27,Biomass,Wang2022
87,CSFW,46.995,7.3125,1.755,0,41.4375,79.4,18.2,2.5,220,1,10,19.2,52.21,59.847156,7.212046,2.091592,0,29.509206,68.53,30.13,1.34,25.29,Biomass,Wang2022
88,CSFW,47.3352,7.7262,2.445,0,40.2936,80.3,17.5,2.2,220,1,10,19.8,46.07,65.112333,7.804797,2.821962,0,22.930908,65.76,32.91,1.33,27.83,Biomass,Wang2022
89,FW,47.7747,8.0442,3.0411,0,39.24,81.2,16.9,1.9,220,1,10,20.3,41.43,69.090666,7.891544,4.094482,0,18.063308,63.33,35.81,0.86,29.91,Organics,Wang2022
90,SS,19.1,3.02,3.09,1.04,15.15,34.82,6.58,58.6,220,1,10,7.5,59.7,16.06556,1.85445,1.67693,0.42795,11.67511,26,5.7,68.3,5.2,Sewage sludge,Shan2023
91,SSRH,24.2,3.53,2.42,0.8825,20.8925,42.74,9.185,48.075,220,1,10,9.5,66.2,20.2835,2.39812,1.51857,0.6103,11.08951,26.26,9.64,64.1,7.5,Sewage sludge,Shan2023
92,SSRH,29.3,4.04,1.75,0.725,26.635,50.66,11.79,37.55,220,1,10,11.5,69.3,27.7226,2.97305,1.2125,0.48015,16.1117,36.21,12.29,51.5,10.5,Sewage sludge,Shan2023
93,SSRH,34.4,4.55,1.08,0.5675,32.3775,58.58,14.395,27.025,220,1,10,13.5,71.3,35.18592,3.80072,0.94248,0.28952,21.38752,44.89,16.71,38.4,13.8,Sewage sludge,Shan2023
94,SSWS,24.65,3.605,2.5325,0.885,21.3775,44.215,8.835,46.95,220,1,10,9.725,66.7,20.0531,2.3249,1.6147,0.5628,8.9445,24.69,8.81,66.5,7.4,Sewage sludge,Shan2023
95,SSWS,30.2,4.19,1.975,0.73,27.605,53.61,11.09,35.3,220,1,10,11.95,70.2,28.21252,3.30344,1.45656,0.47124,14.15624,36.01,11.59,52.4,11.1,Sewage sludge,Shan2023
96,SSWS,35.75,4.775,1.4175,0.575,33.8325,63.005,13.345,23.65,220,1,10,14.175,72.6,37.24536,3.81286,1.39328,0.32344,19.42506,43.25,18.95,37.8,14.7,Sewage sludge,Shan2023
97,SS,25.83,4.14,4.23,0.97,21.73,46.67,10.23,43.1,160,1,7.52688172,9.82,94.15,23.557206,3.144524,2.841652,0.91307,14.088002,37.3,7.24,55.46,9.56,Sewage sludge,Gao2019
98,SS,25.83,4.14,4.23,0.97,21.73,46.67,10.23,43.1,180,1,7.52688172,9.82,84.01,25.736004,2.631519,2.18244,1.045053,10.374984,33.58,8.39,58.03,10.4,Sewage sludge,Gao2019
99,SS,25.83,4.14,4.23,0.97,21.73,46.67,10.23,43.1,200,0.5,7.52688172,9.82,71.24,25.926096,2.566396,1.889916,1.052772,10.84482,35.15,7.13,57.72,10.28,Sewage sludge,Gao2019
100,SS,25.83,4.14,4.23,0.97,21.73,46.67,10.23,43.1,200,1,7.52688172,9.82,67.89,26.372556,2.504817,1.702782,0.908973,9.640872,33.01,8.12,58.87,10.55,Sewage sludge,Gao2019
101,SS,25.83,4.14,4.23,0.97,21.73,46.67,10.23,43.1,200,1.5,7.52688172,9.82,66.31,26.766012,2.525019,1.965705,0.717381,8.555883,31.62,8.91,59.47,10.87,Sewage sludge,Gao2019
102,SS,25.83,4.14,4.23,0.97,21.73,46.67,10.23,43.1,200,2,7.52688172,9.82,66.04,27.180604,2.520056,1.992317,0.957294,8.26382,30.83,10.08,59.09,11.13,Sewage sludge,Gao2019
103,SS,25.83,4.14,4.23,0.97,21.73,46.67,10.23,43.1,220,1,7.52688172,9.82,65.89,26.706267,2.501445,1.940052,0.744705,6.297531,27.53,10.66,61.81,11.25,Sewage sludge,Gao2019
104,SS,25.83,4.14,4.23,0.97,21.73,46.67,10.23,43.1,240,1,7.52688172,9.82,61.83,27.247616,2.443072,1.86912,0.842048,5.358144,25.52,12.24,62.24,11.57,Sewage sludge,Gao2019
105,SS,41.62811837,5.398646602,7.195485305,1.113877386,25.96879103,79.27482073,2.03009797,18.6950813,180,0.25,9.39,18.815448,98.64,40.52090716,5.102,7.051165906,1.056121766,23.92581735,75.57,2.09,22.34398782,18.300816,Sewage sludge,Zhao2014
106,SS,41.62811837,5.398646602,7.195485305,1.113877386,25.96879103,79.27482073,2.03009797,18.6950813,180,0.5,9.39,18.815448,98.11,40.68076376,4.985687589,6.866790575,1.062899655,22.87145948,73.65,2.81,23.53239894,19.020464,Sewage sludge,Zhao2014
107,SS,41.62811837,5.398646602,7.195485305,1.113877386,25.96879103,79.27482073,2.03009797,18.6950813,180,0.75,9.39,18.815448,98.08,40.94143002,4.952055087,6.721174916,1.014097977,20.39299217,70.77,3.25,25.97824982,19.43468,Sewage sludge,Zhao2014
108,SS,41.62811837,5.398646602,7.195485305,1.113877386,25.96879103,79.27482073,2.03009797,18.6950813,200,0.25,9.39,18.815448,96.94,41.33173627,5.0435676,6.972431995,0.975690161,20.72966326,71.96,3.09,24.94691071,18.903312,Sewage sludge,Zhao2014
109,SS,41.62811837,5.398646602,7.195485305,1.113877386,25.96879103,79.27482073,2.03009797,18.6950813,200,0.5,9.39,18.815448,97.78,42.70985949,4.944647731,6.721746689,0.936880623,19.04247043,71.13,3.22,25.64439503,19.7694,Sewage sludge,Zhao2014
110,SS,41.62811837,5.398646602,7.195485305,1.113877386,25.96879103,79.27482073,2.03009797,18.6950813,200,0.75,9.39,18.815448,98.71,42.57669326,4.801018079,5.735347945,0.905581254,17.85288759,68.24,3.64,28.12847187,19.861448,Sewage sludge,Zhao2014
111,SS,41.62811837,5.398646602,7.195485305,1.113877386,25.96879103,79.27482073,2.03009797,18.6950813,220,0.25,9.39,18.815448,97.58,43.02800282,4.846182075,6.551051517,0.856062103,17.26633733,69.5,3.04,27.45236415,19.735928,Sewage sludge,Zhao2014
112,SS,41.62811837,5.398646602,7.195485305,1.113877386,25.96879103,79.27482073,2.03009797,18.6950813,220,0.5,9.39,18.815448,96.53,43.66088891,4.694327946,5.997094926,0.866085311,17.56188114,68.9,3.88,27.21972177,20.024624,Sewage sludge,Zhao2014
113,SS,41.62811837,5.398646602,7.195485305,1.113877386,25.96879103,79.27482073,2.03009797,18.6950813,220,0.75,9.39,18.815448,97.35,44.05845876,4.447563884,6.172850987,0.848501854,15.18111233,66.73,3.98,29.29151218,19.865632,Sewage sludge,Zhao2014
114,SS,41.62811837,5.398646602,7.195485305,1.113877386,25.96879103,79.27482073,2.03009797,18.6950813,240,0.25,9.39,18.815448,97.88,42.93008134,4.384766017,6.268954609,0.931587668,15.52879594,64.9,5.14,29.95581442,19.857264,Sewage sludge,Zhao2014
115,SS,41.62811837,5.398646602,7.195485305,1.113877386,25.96879103,79.27482073,2.03009797,18.6950813,240,0.5,9.39,18.815448,98.02,43.4827365,4.137906907,5.686150598,0.89562079,15.22555343,62.73,6.7,30.57203177,20.150144,Sewage sludge,Zhao2014
116,SS,41.62811837,5.398646602,7.195485305,1.113877386,25.96879103,79.27482073,2.03009797,18.6950813,240,0.75,9.39,18.815448,96.76,44.2843127,3.720221061,5.544497589,1.016382637,10.58731913,57.7,7.46,34.84726688,20.171064,Sewage sludge,Zhao2014
117,CC,43.95716471,5.915349311,0.234574197,0.122386537,45.48699643,78.51647119,17.2,4.283528812,190,1.5,10,17.2,67,46.68677797,5.498793362,0.192602219,0.038520444,43.88441568,77.1,19.2,3.698890333,18.1,Biomass,Zhang2015
118,CC,43.95716471,5.915349311,0.234574197,0.122386537,45.48699643,78.51647119,17.2,4.283528812,210,1.5,10,17.2,58,51.02175186,5.364282878,0.281836228,0.065761787,37.22117122,74.35,19.6,6.054590571,20.3,Biomass,Zhang2015
119,CC,43.95716471,5.915349311,0.234574197,0.122386537,45.48699643,78.51647119,17.2,4.283528812,230,1.5,10,17.2,49,62.90721026,4.818024182,0.376408139,0.047051017,25.9533412,51.4,42.7,5.897965202,25.2,Biomass,Zhang2015
120,CC,43.95716471,5.915349311,0.234574197,0.122386537,45.48699643,78.51647119,17.2,4.283528812,250,1.5,10,17.2,44,64.41777624,4.561130711,0.374630859,0.028097314,24.27607967,49.36,44.3,6.342285205,25.5,Biomass,Zhang2015
121,CC,43.95716471,5.915349311,0.234574197,0.122386537,45.48699643,78.51647119,17.2,4.283528812,270,1.5,10,17.2,40,65.5885223,4.394525095,0.395224955,0.018820236,23.69467706,46.3,47.8,5.898820236,25.5,Biomass,Zhang2015
122,CC,43.95716471,5.915349311,0.234574197,0.122386537,45.48699643,78.51647119,17.2,4.283528812,290,1.5,10,17.2,39.5,66.76409168,4.408070263,0.40073366,0.009319387,21.62097888,42.69,50.5,6.806125513,26.1,Biomass,Zhang2015
123,CC,43.95716471,5.915349311,0.234574197,0.122386537,45.48699643,78.51647119,17.2,4.283528812,310,1.5,10,17.2,38.5,67.70716472,4.497569757,0.459126913,0.131179118,20.90432943,42.1,51.6,6.300630063,26.6,Biomass,Zhang2015
124,CC,43.95716471,5.915349311,0.234574197,0.122386537,45.48699643,78.51647119,17.2,4.283528812,330,1.5,10,17.2,37,67.30086,4.20273,0.4765,0.12389,23.19602,40,55.3,4.7,25.9,Biomass,Zhang2015
125,CC,43.95716471,5.915349311,0.234574197,0.122386537,45.48699643,78.51647119,17.2,4.283528812,350,1.5,10,17.2,34,71.58625875,3.996774645,0.496086783,0.121681664,17.4004779,30,63.6,6.398720256,27.8,Biomass,Zhang2015
126,CC,43.95716471,5.915349311,0.234574197,0.122386537,45.48699643,78.51647119,17.2,4.283528812,370,1.5,10,17.2,33,70.35079055,4.305672971,0.455675973,0.074396077,17.80856099,27.2,65.8,7.004903432,27.6,Biomass,Zhang2015
127,RF,39.84507,5.41464,11.79618,0.74715,30.09696,81.95,5.95,12.1,150,1,50,19.7,72.9,19.42944,2.571648,2.614272,0.149184,46.275456,68.74,2.3,28.96,19.75,Organics,Kannan2017a
128,RF,39.84507,5.41464,11.79618,0.74715,30.09696,81.95,5.95,12.1,150,1.5,50,19.7,71.7,28.176544,3.616669,3.834979,0.247418,36.89439,65.07,7.7,27.23,21.79,Organics,Kannan2017a
129,RF,39.84507,5.41464,11.79618,0.74715,30.09696,81.95,5.95,12.1,150,2,50,19.7,70.9,31.20452,3.92836,4.684384,0.266832,34.035904,64.64,9.48,25.88,20.96,Organics,Kannan2017a
130,RF,39.84507,5.41464,11.79618,0.74715,30.09696,81.95,5.95,12.1,180,1,50,19.7,64.8,39.492495,4.542615,5.325075,0.311535,22.77828,63.19,9.26,27.55,24.39,Organics,Kannan2017a
131,RF,39.84507,5.41464,11.79618,0.74715,30.09696,81.95,5.95,12.1,180,1.5,50,19.7,59.2,39.813792,4.57674,5.561316,0.338448,26.629704,61.85,15.07,23.08,22.28,Organics,Kannan2017a
132,RF,39.84507,5.41464,11.79618,0.74715,30.09696,81.95,5.95,12.1,180,2,50,19.7,56.1,38.409483,4.289019,5.463108,0.295519,31.412871,59.05,20.82,20.13,22.71,Organics,Kannan2017a
133,RF,39.84507,5.41464,11.79618,0.74715,30.09696,81.95,5.95,12.1,210,1,50,19.7,51.5,41.62725,4.58325,5.40225,0.20475,26.9325,62.45,16.3,21.25,23.47,Organics,Kannan2017a
134,RF,39.84507,5.41464,11.79618,0.74715,30.09696,81.95,5.95,12.1,210,1.5,50,19.7,49.2,38.846142,4.607132,5.369746,0.345928,29.451052,61.03,17.59,21.38,21.58,Organics,Kannan2017a
135,RF,39.84507,5.41464,11.79618,0.74715,30.09696,81.95,5.95,12.1,210,2,50,19.7,45,39.30131,4.37383,5.408075,0.3158,29.550985,60.77,18.18,21.05,22.86,Organics,Kannan2017a
136,SW,43.09,6.91,11.47,0,23.8,83.77,1.5,14.73,150,1,50,18.8,17.79,31.1785857,4.354774271,3.627646824,0.255693168,40.4874151,70.08,9.82,20.09588494,18.26,Organics,Kannan2017b
137,SW,43.09,6.91,11.47,0,23.8,83.77,1.5,14.73,150,1.5,50,18.8,21.54,35.79481398,4.96054115,4.195522628,0.265743276,35.31164439,67.91,12.62,19.47173458,19.53,Organics,Kannan2017b
138,SW,43.09,6.91,11.47,0,23.8,83.77,1.5,14.73,150,2,50,18.8,20.7,36.41357027,5.032310177,4.176090468,0.226171244,34.9273021,66.04,14.74,19.22455574,19.87,Organics,Kannan2017b
139,SW,43.09,6.91,11.47,0,23.8,83.77,1.5,14.73,180,1,50,18.8,22.91,34.5435433,4.414975338,4.172394275,0.315355381,37.41408587,68.15,12.71,19.13964583,19.13,Organics,Kannan2017b
140,SW,43.09,6.91,11.47,0,23.8,83.77,1.5,14.73,180,1.5,50,18.8,26.7,37.65978368,4.924614881,4.162569649,0.278597181,34.91478204,66.44,15.5,18.05965257,20.82,Organics,Kannan2017b
141,SW,43.09,6.91,11.47,0,23.8,83.77,1.5,14.73,180,2,50,18.8,30.75,37.48975242,4.968027546,4.025250041,0.114772914,35.38284965,65.51,16.47,18.01934743,23.22,Organics,Kannan2017b
142,SW,43.09,6.91,11.47,0,23.8,83.77,1.5,14.73,210,1,50,18.8,21.95,37.85964626,4.751813514,3.765588068,0.008150624,35.12103676,67.02,14.49,18.49376477,19.8,Organics,Kannan2017b
143,SW,43.09,6.91,11.47,0,23.8,83.77,1.5,14.73,210,1.5,50,18.8,29.27,38.88477061,4.785437773,4.101803805,0.123548307,34.46997776,65.24,17.13,17.63446174,20.99,Organics,Kannan2017b
144,SW,43.09,6.91,11.47,0,23.8,83.77,1.5,14.73,210,2,50,18.8,34.49,40.49185721,4.754071394,4.68004606,0.008225037,32.31617042,63.73,18.52,17.74962987,21.1,Organics,Kannan2017b
145,PL,42.22,5.59,4.19,0.65,30.97,72.95,10.67,16.38,150,0.5,20,17.18,87.17,44.037158,5.707873,2.97194,0.227266,34.457022,72,15.41,12.59,17.93,Organics,Ghanim2016
146,PL,42.22,5.59,4.19,0.65,30.97,72.95,10.67,16.38,175,0.5,20,17.18,75.36,42.694288,5.61326,4.507364,0.71213,30.261336,68.26,15.52,16.22,17.99,Organics,Ghanim2016
147,PL,42.22,5.59,4.19,0.65,30.97,72.95,10.67,16.38,200,0.5,20,17.18,41.8,51.389988,6.001008,3.483636,0.245804,23.639564,66.79,17.97,15.24,21.36,Organics,Ghanim2016
148,PL,42.22,5.59,4.19,0.65,30.97,72.95,10.67,16.38,225,0.5,20,17.18,38.39,50.928322,5.87105,3.619806,0.299626,20.261196,59.81,21.17,19.02,22.34,Organics,Ghanim2016
149,PL,42.22,5.59,4.19,0.65,30.97,72.95,10.67,16.38,250,0.5,20,17.18,32.74,55.278205,5.574575,4.96317,0.35965,5.7544,46.77,25.16,28.07,23.34,Organics,Ghanim2016
150,PL,42.22,5.59,4.19,0.65,30.97,72.95,10.67,16.38,275,0.5,20,17.18,26.37,50.219122,4.748134,4.377806,0.337263,6.441062,40.24,25.89,33.87,21.46,Organics,Ghanim2016
151,PL,42.22,5.59,4.19,0.65,30.97,72.95,10.67,16.38,300,0.5,20,17.18,29.51,57.489088,5.55417,4.505049,0.34285,0.678843,45.48,23.09,31.43,24.93,Organics,Ghanim2016
152,PL,42.22,5.59,4.19,0.65,30.97,72.95,10.67,16.38,150,2,20,17.18,80.46,42.906845,5.5407,4.121945,0.528885,30.851625,70.42,13.53,16.05,17.25,Organics,Ghanim2016
153,PL,42.22,5.59,4.19,0.65,30.97,72.95,10.67,16.38,175,2,20,17.18,41.94,48.468822,5.796024,3.395304,0.334386,27.762612,69.86,15.88,14.26,20.23,Organics,Ghanim2016
154,PL,42.22,5.59,4.19,0.65,30.97,72.95,10.67,16.38,200,2,20,17.18,45.76,51.8382,5.986476,3.812616,0.342801,21.629907,62.9,20.71,16.39,22.66,Organics,Ghanim2016
155,PL,42.22,5.59,4.19,0.65,30.97,72.95,10.67,16.38,225,2,20,17.18,35.41,51.93792,5.58546,4.37388,0.32766,13.97508,52.39,23.81,23.8,23.11,Organics,Ghanim2016
156,PL,42.22,5.59,4.19,0.65,30.97,72.95,10.67,16.38,250,2,20,17.18,32.76,56.749981,5.60348,5.035759,0.339158,5.994249,46.89,26.84,26.27,24.67,Organics,Ghanim2016
157,PL,42.22,5.59,4.19,0.65,30.97,72.95,10.67,16.38,275,2,20,17.18,30.08,55.223432,5.35876,4.435079,0.310244,5.175434,45.7,24.81,29.49,25.08,Organics,Ghanim2016
158,PL,42.22,5.59,4.19,0.65,30.97,72.95,10.67,16.38,300,2,20,17.18,25.74,53.65296,5.14152,4.22244,0.29304,3.29004,40.75,25.85,33.4,23.53,Organics,Ghanim2016
159,PL,42.22,5.59,4.19,0.65,30.97,72.95,10.67,16.38,150,8,20,17.18,71.36,45.103555,5.691539,3.976511,0.437164,28.852824,68.93,15.14,15.93,18.07,Organics,Ghanim2016
160,PL,42.22,5.59,4.19,0.65,30.97,72.95,10.67,16.38,175,8,20,17.18,45.15,52.1611,5.789027,3.711134,0.316387,23.532352,65.42,20.09,14.49,21.84,Organics,Ghanim2016
161,PL,42.22,5.59,4.19,0.65,30.97,72.95,10.67,16.38,200,8,20,17.18,39.88,52.345898,5.677206,3.911492,0.332556,16.912848,57.01,22.17,20.82,21.94,Organics,Ghanim2016
162,PL,42.22,5.59,4.19,0.65,30.97,72.95,10.67,16.38,225,8,20,17.18,33.34,52.212202,5.187516,4.528086,0.388331,10.953865,47.31,25.96,26.73,22.67,Organics,Ghanim2016
163,PL,42.22,5.59,4.19,0.65,30.97,72.95,10.67,16.38,250,8,20,17.18,32.75,56.30375,5.50687,4.57695,0.399575,5.85559,46.72,25.93,27.35,25.17,Organics,Ghanim2016
164,PL,42.22,5.59,4.19,0.65,30.97,72.95,10.67,16.38,275,8,20,17.18,28.34,54.94398,5.19806,4.41384,0.2776,4.56652,41.57,27.83,30.6,23.81,Organics,Ghanim2016
165,PL,42.22,5.59,4.19,0.65,30.97,72.95,10.67,16.38,300,8,20,17.18,23.13,50.43808,4.50429,3.89998,0.19936,3.25829,33.76,28.54,37.7,22.46,Organics,Ghanim2016
166,PSS,48.56,6.22,0.41,0,44.53,68.56,3.9,27.54,140,4,4.3,18.770862,74.64,55.75,5.93,0.42,0,37.9,61.92,0.93,37.15,18.136057,Sewage sludge,Danso2015
167,PSS,48.56,6.22,0.41,0,44.53,68.56,3.9,27.54,160,1,4.3,18.770862,81.13,69.15,5.62,0.42,0,24.81,59.24,3.07,37.69,18.815623,Sewage sludge,Danso2015
168,PSS,48.56,6.22,0.41,0,44.53,68.56,3.9,27.54,160,2,4.3,18.770862,71.08,70.88,5.2,0.36,0,23.56,60.14,1.84,38.02,18.75174,Sewage sludge,Danso2015
169,PSS,48.56,6.22,0.41,0,44.53,68.56,3.9,27.54,160,4,4.3,18.770862,67.11,58.14,6.43,0.64,0,34.79,60.73,1.2,38.07,18.450451,Sewage sludge,Danso2015
170,PSS,48.56,6.22,0.41,0,44.53,68.56,3.9,27.54,180,0.5,4.3,18.770862,70.74,67.73,5.65,0.43,0,26.19,58.87,3.3,37.83,18.484421,Sewage sludge,Danso2015
171,PSS,48.56,6.22,0.41,0,44.53,68.56,3.9,27.54,180,1,4.3,18.770862,67.18,70.22,5.37,0.58,0,23.83,59.43,2.64,37.93,18.363555,Sewage sludge,Danso2015
172,PSS,48.56,6.22,0.41,0,44.53,68.56,3.9,27.54,180,2,4.3,18.770862,64.31,56.79,6.86,0.43,0,35.92,59.94,1.9,38.16,18.25642,Sewage sludge,Danso2015
173,PSS,48.56,6.22,0.41,0,44.53,68.56,3.9,27.54,180,4,4.3,18.770862,61.87,66.81,5.74,0.35,0,27.1,58.2,3.51,38.29,18.138945,Sewage sludge,Danso2015
174,PSS,48.56,6.22,0.41,0,44.53,68.56,3.9,27.54,200,0.25,4.3,18.770862,69.32,70.61,5.28,0.36,0,23.75,61.34,0.97,37.69,18.228783,Sewage sludge,Danso2015
175,PSS,48.35005181,5.605803109,0.400414508,0.100103627,42.14362695,68.56,3.9,27.54,200,0.5,4.3,18.770862,66.83,51.30286379,6.012054351,0.501004529,0.100200906,41.58337592,60.76,1.39,37.85,18.260185,Sewage sludge,Danso2015
176,PSS,48.35005181,5.605803109,0.400414508,0.100103627,42.14362695,68.56,3.9,27.54,200,1,4.3,18.770862,64.06,53.69229165,5.788388319,0.498998993,0.099799798,39.32112064,60.91,1.14,37.95,18.058093,Sewage sludge,Danso2015
177,PSS,48.35005181,5.605803109,0.400414508,0.100103627,42.14362695,68.56,3.9,27.54,200,2,4.3,18.770862,61.26,56.6,5.7,0.5,0.1,36.6,59.66,1.48,38.86,18.28715,Sewage sludge,Danso2015
178,PSS,48.35005181,5.605803109,0.400414508,0.100103627,42.14362695,68.56,3.9,27.54,200,4,4.3,18.770862,60.54,59.34048097,5.694288577,0.499498998,0.0998998,34.06583166,55.06,5.7,39.24,18.358232,Sewage sludge,Danso2015
179,PW,48.35005181,5.605803109,0.400414508,0.100103627,42.14362695,79.4,12.2,8.4,230,0.5,20,20.26358,83.3,56.2,5.8,0.5,0.1,36.8,70.86,15.94,13.2,20.215208,Biomass,Lin2017
180,PW,48.35005181,5.605803109,0.400414508,0.100103627,42.14362695,79.4,12.2,8.4,250,0.5,20,20.26358,57.9,57.4,5.7,0.5,0.1,36.2,56.58,20.72,22.7,21.863273,Biomass,Lin2017
181,PW,48.35005181,5.605803109,0.400414508,0.100103627,42.14362695,79.4,12.2,8.4,250,1,20,20.26358,53.3,58.24175824,5.794205794,0.4995005,0.0999001,34.96503497,50.78,20.09,29.1,23.779596,Biomass,Lin2017
182,PW,48.35005181,5.605803109,0.400414508,0.100103627,42.14362695,79.4,12.2,8.4,250,2,20,20.26358,46.9,59.34048097,5.694288577,0.499498998,0.0998998,34.06583166,47.2,21.57,31.2,23.89913,Biomass,Lin2017
183,WW,38.70536585,5.486585366,0.598536585,0.099756098,36.9097561,75,16.4,8.53,210,0.5,20,22.364557,71.6,38.49087591,5.16459854,0.487226277,0.097445255,35.85985402,72.28,20.29,7.4,24.395034,Biomass,Lin2017
184,WW,38.70536585,5.486585366,0.598536585,0.099756098,36.9097561,75,16.4,8.53,210,1,20,22.364557,64.1,39.96386267,5.335225999,0.603987849,0.100664641,32.91733776,70.25,22.63,7.1,24.691804,Biomass,Lin2017
185,WW,38.70536585,5.486585366,0.598536585,0.099756098,36.9097561,75,16.4,8.53,250,0.5,20,22.364557,55.1,42.41882641,5.214607502,0.501404567,0.100280913,30.68595953,60.2,31.66,8.1,26.699846,Biomass,Lin2017
186,WW,38.70536585,5.486585366,0.598536585,0.099756098,36.9097561,75,16.4,8.53,250,1,20,22.364557,50.5,44.5,5.1,0.6,0.1,28.1,54.21,36.3,9.5,28.569492,Biomass,Lin2017
187,FW,38.70536585,5.486585366,0.598536585,0.099756098,36.9097561,81.9,13.5,4.65,210,0.5,20,23.865875,70.3,42.8,5.2,0.5,0.1,30.5,58.98,36.45,4.6,30.673008,Organics,Lin2017
188,FW,38.70536585,5.486585366,0.598536585,0.099756098,36.9097561,81.9,13.5,4.65,210,1.5,20,23.865875,60.8,43.1,5.1,0.5,0.1,30,52,43.79,4.2,30.247762,Organics,Lin2017
189,FW,38.70536585,5.486585366,0.598536585,0.099756098,36.9097561,81.9,13.5,4.65,250,0.5,20,23.865875,54.3,43.5444586,5.193375796,0.599235669,0.099872611,28.96305733,45.23,50.33,4.4,31.86363,Organics,Lin2017
190,RW,38.70536585,5.486585366,0.598536585,0.099756098,36.9097561,63.3,31.8,4.9,280,1,20,39.27476,97.3,44.5,5.1,0.6,0.1,28.1,61.86,31.97,6.2,40.538174,Rubber,Lin2017
191,RW,46.39957818,6.199943637,0.699993636,0.099999091,45.69958455,63.3,31.8,4.9,280,2,20,39.27476,96.6,47.89764,6.09552,0.996,0.0996,44.50128,61.18,32.18,6.6,41.011723,Rubber,Lin2017
192,MS,46.39957818,6.199943637,0.699993636,0.099999091,45.69958455,78.22,21.5,0.28,170,3,50,19.09,78.43,51.3438,5.99592,1.0956,0.0996,41.05512,63.1,36.9,0,22.69,Biomass,Kanchanatip2023
193,MS,46.39957818,6.199943637,0.699993636,0.099999091,45.69958455,78.22,21.5,0.28,200,3,50,19.09,74.32,53.95764,5.80254,0.997,0.0997,38.84312,54.43,45.57,0,23.61,Biomass,Kanchanatip2023
194,MS,46.39957818,6.199943637,0.699993636,0.099999091,45.69958455,78.22,21.5,0.28,230,3,50,19.09,63.83,48.804,6.09552,0.8964,0.0996,43.70448,54.02,45.98,0,27.09,Biomass,Kanchanatip2023
195,MS,46.39957818,6.199943637,0.699993636,0.099999091,45.69958455,78.22,21.5,0.28,170,3,33.3,19.09,77.89,52.35247,5.90224,0.8973,0.0997,40.43832,60.87,39.13,0,22.32,Biomass,Kanchanatip2023
196,MS,46.39957818,6.199943637,0.699993636,0.099999091,45.69958455,78.22,21.5,0.28,200,3,33.3,19.09,72.96,56.70324,5.70429,0.8991,0.0999,36.50346,56.09,43.91,0,23.77,Biomass,Kanchanatip2023
197,MS,46.39957818,6.199943637,0.699993636,0.099999091,45.69958455,78.22,21.5,0.28,230,3,33.3,19.09,60.83,49.89985,6.10164,0.7976,0.0997,42.80121,54.66,45.34,0,27.29,Biomass,Kanchanatip2023
198,MS,46.39957818,6.199943637,0.699993636,0.099999091,45.69958455,78.22,21.5,0.28,170,3,20,19.09,76.83,53.80228771,5.798391608,0.798401598,0.0998002,39.30131868,63.37,36.63,0,22.22,Biomass,Kanchanatip2023
199,MS,46.39957818,6.199943637,0.699993636,0.099999091,45.69958455,78.22,21.5,0.28,200,3,20,19.09,71.97,57.90204,5.60439,0.7992,0.0999,35.50446,55.7,44.3,0,23.77,Biomass,Kanchanatip2023
200,MS,46.39957818,6.199943637,0.699993636,0.099999091,45.69958455,78.22,21.5,0.28,230,3,20,19.09,58.38,48.80315,6.40074,0.8973,0.0997,43.49911,49.61,50.39,0,26.98,Biomass,Kanchanatip2023
201,CH,46.39957818,6.199943637,0.699993636,0.099999091,45.69958455,61.8,34.8,3.4,140,4,10,19.1,77.22408027,50.65,6.29,0.9,0.2,41.96,59.85985986,39.63963964,0.500500501,20.7,Biomass,Nakason2018
202,CH,46.39957818,6.199943637,0.699993636,0.099999091,45.69958455,61.8,34.8,3.4,160,4,10,19.1,66.92307692,54.50078,6.09778,0.8982,0.0998,38.20344,56.84315684,42.55744256,0.599400599,21.6,Biomass,Nakason2018
203,CH,46.39957818,6.199943637,0.699993636,0.099999091,45.69958455,61.8,34.8,3.4,180,4,10,19.1,65.25083612,49.4512,6.20134,0.997,0.0997,42.94079,55.9,43.6,0.5,22.7,Biomass,Nakason2018
204,CH,46.39957818,6.199943637,0.699993636,0.099999091,45.69958455,61.8,34.8,3.4,200,4,10,19.1,67.99331104,53.1,5.9,0.7,0.2,40.1,54,45.7,0.3,23.9,Biomass,Nakason2018
205,CH,46.39957818,6.199943637,0.699993636,0.099999091,45.69958455,61.8,34.8,3.4,200,1,10,19.1,71.00334448,56.16,6.01,0.9,0.1,36.84,55.2,44.2,0.6,22.6,Biomass,Nakason2018
206,CH,46.39957818,6.199943637,0.699993636,0.099999091,45.69958455,61.8,34.8,3.4,200,2,10,19.1,70.26755853,49.8002,6.39718,0.998,0.1996,42.39504,53.7,46.2,0.1,23,Biomass,Nakason2018
207,CH,46.39957818,6.199943637,0.699993636,0.099999091,45.69958455,61.8,34.8,3.4,200,3,10,19.1,70,54.3,6.1,1,0.2,38.3,53.44655345,46.15384615,0.3996004,23.5,Biomass,Nakason2018
208,CH,46.39957818,6.199943637,0.699993636,0.099999091,45.69958455,61.8,34.8,3.4,200,4,10,19.1,67.99331104,57.6423,5.994,0.999,0.0999,35.1648,54,45.7,0.3,23.9,Biomass,Nakason2018
209,RH,46.39957818,6.199943637,0.699993636,0.099999091,45.69958455,60.3,21.5,18.2,140,4,10,15.6,86.72240803,47.6,6.2,0.7,0.1,45.1,56.2,23.9,19.9,16.1,Biomass,Nakason2018
210,RH,46.39957818,6.199943637,0.699993636,0.099999091,45.69958455,60.3,21.5,18.2,160,4,10,15.6,74.01337793,49.2,6.2,0.7,0.1,43.6,52.44755245,26.47352647,21.07892108,16.2,Biomass,Nakason2018
211,RH,46.39957818,6.199943637,0.699993636,0.099999091,45.69958455,60.3,21.5,18.2,180,4,10,15.6,74.21404682,52.09994779,5.999993988,0.799999199,0.0999999,40.89995902,51.34865135,27.57242757,21.07892108,17.3,Biomass,Nakason2018
212,RH,46.39957818,6.199943637,0.699993636,0.099999091,45.69958455,60.3,21.5,18.2,200,4,10,15.6,69.06354515,48.7000975,6.100012212,0.700001402,0.1000002,44.20008848,48.3,30.1,21.6,18.2,Biomass,Nakason2018
213,RH,46.39957818,6.199943637,0.699993636,0.099999091,45.69958455,60.3,21.5,18.2,200,1,10,15.6,70.13377926,51.3001027,6.000012012,0.800001601,0.1000002,41.60008328,51.1,28,20.9,17.5,Biomass,Nakason2018
214,RH,46.39957818,6.199943637,0.699993636,0.099999091,45.69958455,60.3,21.5,18.2,200,2,10,15.6,71.6722408,54.94494495,5.794194194,0.799199199,0.0998999,38.16176176,49.6,29.2,21.2,17.6,Biomass,Nakason2018
215,RH,46.39957818,6.199943637,0.699993636,0.099999091,45.69958455,60.3,21.5,18.2,200,3,10,15.6,72.27424749,49.25060121,6.193787575,0.799198396,0.0998998,43.35651303,49.3,29.1,21.6,17.8,Biomass,Nakason2018
216,RH,46.39957818,6.199943637,0.699993636,0.099999091,45.69958455,60.3,21.5,18.2,200,4,10,15.6,69.13043478,52.54734734,5.993993994,0.799199199,0.0998999,40.35955956,48.3,30.1,21.6,18.2,Biomass,Nakason2018
217,CC,46.39957818,6.199943637,0.699993636,0.099999091,45.69958455,76.07607608,23.02302302,0.900900901,160,1,20,18.7,54.1,55.8,5.8,0.8,0.1,37.4,73,26.6,0.4,19.3,Biomass,Nakason2018b
218,CC,26.542098,4.195434,3.833134,0,37.889334,76.07607608,23.02302302,0.900900901,180,1,20,18.7,51.3,23.348775,3.35619,2.86596,0,33.279075,69.5,30.1,0.4,20.7,Biomass,Nakason2018b
219,CC,26.542098,4.195434,3.833134,0,37.889334,76.07607608,23.02302302,0.900900901,200,1,20,18.7,57.8,23.484639,3.589056,2.80395,0,32.432355,65.4,34.3,0.3,21.6,Biomass,Nakason2018b
220,CC,26.542098,4.195434,3.833134,0,37.889334,76.07607608,23.02302302,0.900900901,160,2,20,18.7,53.7,23.564796,3.489474,2.671338,0,32.254392,74,25.6,0.4,19.7,Biomass,Nakason2018b
221,CC,26.542098,4.195434,3.833134,0,37.889334,76.07607608,23.02302302,0.900900901,180,2,20,18.7,54,23.576751,3.362799,2.241866,0,32.748584,68,31.7,0.3,21.1,Biomass,Nakason2018b
222,CC,26.542098,4.195434,3.833134,0,37.889334,76.07607608,23.02302302,0.900900901,200,2,20,18.7,58.2,23.518911,3.406916,2.555187,0,32.688986,62.9,37,0.1,22.7,Biomass,Nakason2018b
223,CC,26.542098,4.195434,3.833134,0,37.889334,76.07607608,23.02302302,0.900900901,160,3,20,18.7,51.8,23.543151,3.339366,2.35866,0,32.828823,73.7,26,0.3,20.1,Biomass,Nakason2018b
224,CC,26.542098,4.195434,3.833134,0,37.889334,76.07607608,23.02302302,0.900900901,180,3,20,18.7,57.4,23.598144,3.289888,1.737704,0,33.214264,67.83,31.97,0.1998002,21.6,Biomass,Nakason2018b
225,CC,26.542098,4.195434,3.833134,0,37.889334,76.07607608,23.02302302,0.900900901,200,3,20,18.7,58.6,23.628759,3.202749,1.697025,0,33.181467,59.5,40.4,0.1,23.2,Biomass,Nakason2018b
226,CC,26.542098,4.195434,3.833134,0,37.889334,76.07607608,23.02302302,0.900900901,160,1,10,18.7,56.8,23.484639,3.36474,1.956534,0,33.504087,71.4,28.3,0.3,20.1,Biomass,Nakason2018b
227,CC,26.542098,4.195434,3.833134,0,37.889334,76.07607608,23.02302302,0.900900901,180,1,10,18.7,51.4,23.523775,3.349885,1.88936,0,33.38698,70.4,29.6,0,20.8,Biomass,Nakason2018b
228,CC,26.542098,4.195434,3.833134,0,37.889334,76.07607608,23.02302302,0.900900901,200,1,10,18.7,56.4,23.547975,3.23901,1.706375,0,33.55664,64.4,35.4,0.2,22.2,Biomass,Nakason2018b
229,CC,26.542098,4.195434,3.833134,0,37.889334,76.07607608,23.02302302,0.900900901,160,2,10,18.7,54.9,23.759004,3.154824,1.62021,0,32.605962,70.8,28.9,0.3,20.2,Biomass,Nakason2018b
230,CC,26.542098,4.195434,3.833134,0,37.889334,76.07607608,23.02302302,0.900900901,180,2,10,18.7,53.2,23.842224,3.110912,1.54938,0,32.257484,67.47,32.53,0,21.3,Biomass,Nakason2018b
231,CC,35.9988,5.8624,0,0,49.7388,76.07607608,23.02302302,0.900900901,200,2,10,18.7,56.9,35.00644,5.32084,0,0,46.47272,61.6,38.4,0,22.9,Biomass,Nakason2018b
232,CC,35.9988,5.8624,0,0,49.7388,76.07607608,23.02302302,0.900900901,160,3,10,18.7,53.6,37.32044,4.05825,0.02319,0,35.90585,69.1,30.7,0.2,20.5,Biomass,Nakason2018b
233,CC,35.9988,5.8624,0,0,49.7388,76.07607608,23.02302302,0.900900901,180,3,10,18.7,55.4,38.31436,3.69389,0.02836,0,28.86339,64.5,35.4,0.1,22.2,Biomass,Nakason2018b
234,CC,35.9988,5.8624,0,0,49.7388,76.07607608,23.02302302,0.900900901,200,3,10,18.7,57.6,39.33984,3.02032,0.02064,0,26.4192,60.9,39,0.1,23.5,Biomass,Nakason2018b
235,CC,38.60034,6.31143,3.56733,0,42.9909,76.07607608,23.02302302,0.900900901,160,1,6.666666667,18.7,58.6,45.03138,6.33384,1.50012,0,39.73466,72.3,27.4,0.3,19.3,Biomass,Nakason2018b
236,CC,38.60034,6.31143,3.56733,0,42.9909,76.07607608,23.02302302,0.900900901,180,1,6.666666667,18.7,50.1,46.15272,6.25217,1.82084,0,38.67427,72.4,27.4,0.2,19.9,Biomass,Nakason2018b
237,CC,38.60034,6.31143,3.56733,0,42.9909,76.07607608,23.02302302,0.900900901,200,1,6.666666667,18.7,54.2,51.0964,5.99188,2.78457,0,32.02715,68.66866867,31.23123123,0.1001001,21,Biomass,Nakason2018b
238,CC,38.60034,6.31143,3.56733,0,42.9909,76.07607608,23.02302302,0.900900901,160,2,6.666666667,18.7,54,55.3498,5.71055,3.71955,0,25.7201,72.42757243,27.37262737,0.1998002,19.7,Biomass,Nakason2018b
239,CC,43.00285,6.96055,2.76515,0,42.5261,76.07607608,23.02302302,0.900900901,180,2,6.666666667,18.7,51.3,61.60932,6.60168,4.14036,0,23.04864,68.63136863,31.16883117,0.1998002,20.7,Biomass,Nakason2018b
240,CC,43.00285,6.96055,2.76515,0,42.5261,76.07607608,23.02302302,0.900900901,200,2,6.666666667,18.7,54,61.5036,6.40902,3.98528,0,23.9021,64,35.8,0.2,22.1,Biomass,Nakason2018b
241,CC,43.00285,6.96055,2.76515,0,42.5261,76.07607608,23.02302302,0.900900901,160,3,6.666666667,18.7,51.4,65.40952,6.453,4.07256,0,19.66492,71.4,28.3,0.3,20,Biomass,Nakason2018b
242,CC,80.7399,7.9884,0.4755,1.2363,4.6599,76.07607608,23.02302302,0.900900901,180,3,6.666666667,18.7,51.8,82.47834,8.04804,0.19698,1.15374,1.93228,67.6,32.2,0.2,21.2,Biomass,Nakason2018b
243,CC,80.7399,7.9884,0.4755,1.2363,4.6599,76.07607608,23.02302302,0.900900901,200,3,6.666666667,18.7,53.7,83.10732,8.08844,0.20548,1.1208,0.86862,57.6,42.3,0.1,22.5,Biomass,Nakason2018b
